{"version":"1.0.1","stride":5,"width":16,"height":16,"matrix":[27.428571428571427,49.714285714285715,100,6,5,27.428571428571427,49.714285714285715,100,6,6,22.939182862844934,34.42464569751934,100,6,7,22.939182862844934,34.42464569751934,100,6,8,22.939182862844934,34.42464569751934,100,6,9,20.91641991328673,28.862267209067262,100,6,10,17.374504705657515,20.581954516560216,100,6,11,27.428571428571427,49.714285714285715,100,7,5,17.374504705657515,20.581954516560216,100,7,6,22.939182862844934,34.42464569751934,100,7,7,17.374504705657515,20.581954516560216,100,7,8,17.374504705657515,20.581954516560216,100,7,9,20.91641991328673,28.862267209067262,100,7,10,17.374504705657515,20.581954516560216,100,7,11,27.428571428571427,49.714285714285715,100,8,5,17.374504705657515,20.581954516560216,100,8,6,22.939182862844934,34.42464569751934,100,8,7,17.374504705657515,20.581954516560216,100,8,8,20.91641991328673,28.862267209067262,100,8,10,17.374504705657515,20.581954516560216,100,8,11,27.428571428571427,49.714285714285715,100,9,5,27.428571428571427,49.714285714285715,100,9,6,22.939182862844934,34.42464569751934,100,9,7,22.939182862844934,34.42464569751934,100,9,8,22.939182862844934,34.42464569751934,100,9,9,20.91641991328673,28.862267209067262,100,9,10,17.374504705657515,20.581954516560216,100,9,11,17.374504705657515,20.581954516560216,100,10,5,17.374504705657515,20.581954516560216,100,10,6,17.374504705657515,20.581954516560216,100,10,7,17.374504705657515,20.581954516560216,100,10,8,17.374504705657515,20.581954516560216,100,10,9,17.374504705657515,20.581954516560216,100,10,10,17.374504705657515,20.581954516560216,100,10,11]}