{"version":"1.0.1","stride":5,"width":16,"height":16,"matrix":[-81.38855406040959,-2.882270950348096,"65",1,6,-81.38855406040959,-2.882270950348096,"65",1,7,-81.38855406040959,-2.882270950348096,"65",1,8,-81.38855406040959,-2.882270950348096,"65",1,9,-81.38855406040959,-2.882270950348096,"65",1,10,-81.38855406040959,-2.882270950348096,"65",2,2,-81.38855406040959,-2.882270950348096,"65",2,4,-81.38855406040959,-2.882270950348096,"65",2,5,-55.450883511229854,-15.880593204458508,"65",2,6,-55.450883511229854,-15.880593204458508,"65",2,7,-55.450883511229854,-15.880593204458508,"65",2,8,-55.450883511229854,-15.880593204458508,"65",2,9,-55.450883511229854,-15.880593204458508,"65",2,10,-81.38855406040959,-2.882270950348096,"65",2,11,-81.38855406040959,-2.882270950348096,"65",2,12,-81.38855406040959,-2.882270950348096,"65",2,14,-81.38855406040959,-2.882270950348096,"65",3,3,-55.450883511229854,-15.880593204458508,"65",3,4,-55.450883511229854,-15.880593204458508,"65",3,5,-55.450883511229854,-15.880593204458508,"65",3,11,-55.450883511229854,-15.880593204458508,"65",3,12,-81.38855406040959,-2.882270950348096,"65",3,13,-81.38855406040959,-2.882270950348096,"65",4,2,-55.450883511229854,-15.880593204458508,"65",4,3,-55.450883511229854,-15.880593204458508,"65",4,13,-81.38855406040959,-2.882270950348096,"65",4,14,-81.38855406040959,-2.882270950348096,"65",5,2,-55.450883511229854,-15.880593204458508,"65",5,3,-55.450883511229854,-15.880593204458508,"65",5,13,-81.38855406040959,-2.882270950348096,"65",5,14,-81.38855406040959,-2.882270950348096,"65",6,1,-55.450883511229854,-15.880593204458508,"65",6,2,-55.450883511229854,-15.880593204458508,"65",6,14,-81.38855406040959,-2.882270950348096,"65",6,15,-81.38855406040959,-2.882270950348096,"65",7,1,-55.450883511229854,-15.880593204458508,"65",7,2,-55.450883511229854,-15.880593204458508,"65",7,14,-81.38855406040959,-2.882270950348096,"65",7,15,-81.38855406040959,-2.882270950348096,"65",8,1,-55.450883511229854,-15.880593204458508,"65",8,2,-55.450883511229854,-15.880593204458508,"65",8,14,-81.38855406040959,-2.882270950348096,"65",8,15,-81.38855406040959,-2.882270950348096,"65",9,1,-55.450883511229854,-15.880593204458508,"65",9,2,-55.450883511229854,-15.880593204458508,"65",9,14,-81.38855406040959,-2.882270950348096,"65",9,15,-81.38855406040959,-2.882270950348096,"65",10,1,-55.450883511229854,-15.880593204458508,"65",10,2,-55.450883511229854,-15.880593204458508,"65",10,14,-81.38855406040959,-2.882270950348096,"65",10,15,-81.38855406040959,-2.882270950348096,"65",11,2,-55.450883511229854,-15.880593204458508,"65",11,3,-55.450883511229854,-15.880593204458508,"65",11,13,-81.38855406040959,-2.882270950348096,"65",11,14,-81.38855406040959,-2.882270950348096,"65",12,2,-55.450883511229854,-15.880593204458508,"65",12,3,-55.450883511229854,-15.880593204458508,"65",12,13,-81.38855406040959,-2.882270950348096,"65",12,14,-81.38855406040959,-2.882270950348096,"65",13,3,-55.450883511229854,-15.880593204458508,"65",13,4,-55.450883511229854,-15.880593204458508,"65",13,5,-55.450883511229854,-15.880593204458508,"65",13,11,-55.450883511229854,-15.880593204458508,"65",13,12,-81.38855406040959,-2.882270950348096,"65",13,13,-81.38855406040959,-2.882270950348096,"65",14,2,-81.38855406040959,-2.882270950348096,"65",14,4,-81.38855406040959,-2.882270950348096,"65",14,5,-55.450883511229854,-15.880593204458508,"65",14,6,-55.450883511229854,-15.880593204458508,"65",14,7,-55.450883511229854,-15.880593204458508,"65",14,8,-55.450883511229854,-15.880593204458508,"65",14,9,-55.450883511229854,-15.880593204458508,"65",14,10,-81.38855406040959,-2.882270950348096,"65",14,11,-81.38855406040959,-2.882270950348096,"65",14,12,-81.38855406040959,-2.882270950348096,"65",14,14,-81.38855406040959,-2.882270950348096,"65",15,6,-81.38855406040959,-2.882270950348096,"65",15,7,-81.38855406040959,-2.882270950348096,"65",15,8,-81.38855406040959,-2.882270950348096,"65",15,9,-81.38855406040959,-2.882270950348096,"65",15,10]}