{"version":"1.0.1","stride":5,"width":16,"height":16,"matrix":[-49.11417212706963,0.15322907279403777,"65",1,6,-49.11417212706963,0.15322907279403777,"65",1,7,-49.11417212706963,0.15322907279403777,"65",1,8,-49.11417212706963,0.15322907279403777,"65",1,9,-49.11417212706963,0.15322907279403777,"65",1,10,-49.11417212706963,0.15322907279403777,"65",2,4,-49.11417212706963,0.15322907279403777,"65",2,5,-81.38855406040959,-2.882270950348096,"65",2,6,-81.38855406040959,-2.882270950348096,"65",2,7,-81.38855406040959,-2.882270950348096,"65",2,8,-81.38855406040959,-2.882270950348096,"65",2,9,-81.38855406040959,-2.882270950348096,"65",2,10,-49.11417212706963,0.15322907279403777,"65",2,11,-49.11417212706963,0.15322907279403777,"65",2,12,-49.11417212706963,0.15322907279403777,"65",3,3,-81.38855406040959,-2.882270950348096,"65",3,4,-81.38855406040959,-2.882270950348096,"65",3,5,-81.38855406040959,-2.882270950348096,"65",3,11,-81.38855406040959,-2.882270950348096,"65",3,12,-49.11417212706963,0.15322907279403777,"65",3,13,-49.11417212706963,0.15322907279403777,"65",4,2,-81.38855406040959,-2.882270950348096,"65",4,3,-81.38855406040959,-2.882270950348096,"65",4,13,-49.11417212706963,0.15322907279403777,"65",4,14,-49.11417212706963,0.15322907279403777,"65",5,2,-81.38855406040959,-2.882270950348096,"65",5,3,-81.38855406040959,-2.882270950348096,"65",5,13,-49.11417212706963,0.15322907279403777,"65",5,14,-49.11417212706963,0.15322907279403777,"65",6,1,-81.38855406040959,-2.882270950348096,"65",6,2,-81.38855406040959,-2.882270950348096,"65",6,14,-49.11417212706963,0.15322907279403777,"65",6,15,-49.11417212706963,0.15322907279403777,"65",7,1,-81.38855406040959,-2.882270950348096,"65",7,2,-81.38855406040959,-2.882270950348096,"65",7,14,-49.11417212706963,0.15322907279403777,"65",7,15,-49.11417212706963,0.15322907279403777,"65",8,1,-81.38855406040959,-2.882270950348096,"65",8,2,-81.38855406040959,-2.882270950348096,"65",8,14,-49.11417212706963,0.15322907279403777,"65",8,15,-49.11417212706963,0.15322907279403777,"65",9,1,-81.38855406040959,-2.882270950348096,"65",9,2,-81.38855406040959,-2.882270950348096,"65",9,14,-49.11417212706963,0.15322907279403777,"65",9,15,-49.11417212706963,0.15322907279403777,"65",10,1,-81.38855406040959,-2.882270950348096,"65",10,2,-81.38855406040959,-2.882270950348096,"65",10,14,-49.11417212706963,0.15322907279403777,"65",10,15,-49.11417212706963,0.15322907279403777,"65",11,2,-81.38855406040959,-2.882270950348096,"65",11,3,-81.38855406040959,-2.882270950348096,"65",11,13,-49.11417212706963,0.15322907279403777,"65",11,14,-49.11417212706963,0.15322907279403777,"65",12,2,-81.38855406040959,-2.882270950348096,"65",12,3,-81.38855406040959,-2.882270950348096,"65",12,13,-49.11417212706963,0.15322907279403777,"65",12,14,-49.11417212706963,0.15322907279403777,"65",13,3,-81.38855406040959,-2.882270950348096,"65",13,4,-81.38855406040959,-2.882270950348096,"65",13,5,-81.38855406040959,-2.882270950348096,"65",13,11,-81.38855406040959,-2.882270950348096,"65",13,12,-49.11417212706963,0.15322907279403777,"65",13,13,-49.11417212706963,0.15322907279403777,"65",14,4,-49.11417212706963,0.15322907279403777,"65",14,5,-81.38855406040959,-2.882270950348096,"65",14,6,-81.38855406040959,-2.882270950348096,"65",14,7,-81.38855406040959,-2.882270950348096,"65",14,8,-81.38855406040959,-2.882270950348096,"65",14,9,-81.38855406040959,-2.882270950348096,"65",14,10,-49.11417212706963,0.15322907279403777,"65",14,11,-49.11417212706963,0.15322907279403777,"65",14,12,-49.11417212706963,0.15322907279403777,"65",15,6,-49.11417212706963,0.15322907279403777,"65",15,7,-49.11417212706963,0.15322907279403777,"65",15,8,-49.11417212706963,0.15322907279403777,"65",15,9,-49.11417212706963,0.15322907279403777,"65",15,10]}