{"version":"1.0.1","stride":5,"width":16,"height":16,"matrix":[-42.04761289476525,-16.072381766188375,"60",3,1,-34.35614729912386,-17.71902919132735,"60",3,2,-34.35614729912386,-17.71902919132735,"60",3,3,-34.35614729912386,-17.71902919132735,"60",3,4,-34.35614729912386,-17.71902919132735,"60",3,5,-34.35614729912386,-17.71902919132735,"60",3,6,-34.35614729912386,-17.71902919132735,"60",3,7,-34.35614729912386,-17.71902919132735,"60",3,8,-34.35614729912386,-17.71902919132735,"60",3,9,-34.35614729912386,-17.71902919132735,"60",3,10,-34.35614729912386,-17.71902919132735,"60",3,11,-34.35614729912386,-17.71902919132735,"60",3,12,-34.35614729912386,-17.71902919132735,"60",3,13,-27.885860059536185,-18.38100354599738,"60",3,14,-42.04761289476525,-16.072381766188375,"60",4,0,-34.35614729912386,-17.71902919132735,"60",4,1,-34.35614729912386,-17.71902919132735,"60",4,2,-34.35614729912386,-17.71902919132735,"60",4,3,-34.35614729912386,-17.71902919132735,"60",4,4,-34.35614729912386,-17.71902919132735,"60",4,5,-34.35614729912386,-17.71902919132735,"60",4,6,-34.35614729912386,-17.71902919132735,"60",4,7,-34.35614729912386,-17.71902919132735,"60",4,8,-34.35614729912386,-17.71902919132735,"60",4,9,-34.35614729912386,-17.71902919132735,"60",4,10,-34.35614729912386,-17.71902919132735,"60",4,11,-34.35614729912386,-17.71902919132735,"60",4,12,-34.35614729912386,-17.71902919132735,"60",4,13,-34.35614729912386,-17.71902919132735,"60",4,14,-27.885860059536185,-18.38100354599738,"60",4,15,-42.04761289476525,-16.072381766188375,"60",5,0,-51.120265913638235,-13.021462363662101,"60",5,1,-42.04761289476525,-16.072381766188375,"60",5,2,-42.04761289476525,-16.072381766188375,"60",5,3,-42.04761289476525,-16.072381766188375,"60",5,4,-42.04761289476525,-16.072381766188375,"60",5,5,-42.04761289476525,-16.072381766188375,"60",5,6,-42.04761289476525,-16.072381766188375,"60",5,7,-42.04761289476525,-16.072381766188375,"60",5,8,-42.04761289476525,-16.072381766188375,"60",5,9,-42.04761289476525,-16.072381766188375,"60",5,10,-42.04761289476525,-16.072381766188375,"60",5,11,-42.04761289476525,-16.072381766188375,"60",5,12,-42.04761289476525,-16.072381766188375,"60",5,13,-34.35614729912386,-17.71902919132735,"60",5,14,-27.885860059536185,-18.38100354599738,"60",5,15,-51.120265913638235,-13.021462363662101,"60",6,0,-42.04761289476525,-16.072381766188375,"60",6,1,-42.04761289476525,-16.072381766188375,"60",6,2,-42.04761289476525,-16.072381766188375,"60",6,3,-42.04761289476525,-16.072381766188375,"60",6,4,-42.04761289476525,-16.072381766188375,"60",6,5,-42.04761289476525,-16.072381766188375,"60",6,6,-42.04761289476525,-16.072381766188375,"60",6,7,-42.04761289476525,-16.072381766188375,"60",6,8,-42.04761289476525,-16.072381766188375,"60",6,9,-42.04761289476525,-16.072381766188375,"60",6,10,-42.04761289476525,-16.072381766188375,"60",6,11,-42.04761289476525,-16.072381766188375,"60",6,12,-42.04761289476525,-16.072381766188375,"60",6,13,-42.04761289476525,-16.072381766188375,"60",6,14,-34.35614729912386,-17.71902919132735,"60",6,15,-51.120265913638235,-13.021462363662101,"60",7,0,-42.04761289476525,-16.072381766188375,"60",7,1,-42.04761289476525,-16.072381766188375,"60",7,2,-42.04761289476525,-16.072381766188375,"60",7,3,-42.04761289476525,-16.072381766188375,"60",7,4,-42.04761289476525,-16.072381766188375,"60",7,5,-42.04761289476525,-16.072381766188375,"60",7,6,-42.04761289476525,-16.072381766188375,"60",7,7,-42.04761289476525,-16.072381766188375,"60",7,8,-42.04761289476525,-16.072381766188375,"60",7,9,-42.04761289476525,-16.072381766188375,"60",7,10,-42.04761289476525,-16.072381766188375,"60",7,11,-42.04761289476525,-16.072381766188375,"60",7,12,-42.04761289476525,-16.072381766188375,"60",7,13,-42.04761289476525,-16.072381766188375,"60",7,14,-34.35614729912386,-17.71902919132735,"60",7,15,-51.120265913638235,-13.021462363662101,"60",8,0,-42.04761289476525,-16.072381766188375,"60",8,1,-42.04761289476525,-16.072381766188375,"60",8,2,-42.04761289476525,-16.072381766188375,"60",8,3,-42.04761289476525,-16.072381766188375,"60",8,4,-42.04761289476525,-16.072381766188375,"60",8,5,-42.04761289476525,-16.072381766188375,"60",8,6,-42.04761289476525,-16.072381766188375,"60",8,7,-42.04761289476525,-16.072381766188375,"60",8,8,-42.04761289476525,-16.072381766188375,"60",8,9,-42.04761289476525,-16.072381766188375,"60",8,10,-42.04761289476525,-16.072381766188375,"60",8,11,-42.04761289476525,-16.072381766188375,"60",8,12,-42.04761289476525,-16.072381766188375,"60",8,13,-42.04761289476525,-16.072381766188375,"60",8,14,-34.35614729912386,-17.71902919132735,"60",8,15,-51.120265913638235,-13.021462363662101,"60",9,0,-42.04761289476525,-16.072381766188375,"60",9,1,-42.04761289476525,-16.072381766188375,"60",9,2,-42.04761289476525,-16.072381766188375,"60",9,3,-42.04761289476525,-16.072381766188375,"60",9,4,-42.04761289476525,-16.072381766188375,"60",9,5,-42.04761289476525,-16.072381766188375,"60",9,6,-42.04761289476525,-16.072381766188375,"60",9,7,-42.04761289476525,-16.072381766188375,"60",9,8,-42.04761289476525,-16.072381766188375,"60",9,9,-42.04761289476525,-16.072381766188375,"60",9,10,-42.04761289476525,-16.072381766188375,"60",9,11,-42.04761289476525,-16.072381766188375,"60",9,12,-42.04761289476525,-16.072381766188375,"60",9,13,-42.04761289476525,-16.072381766188375,"60",9,14,-34.35614729912386,-17.71902919132735,"60",9,15,-51.120265913638235,-13.021462363662101,"60",10,0,-42.04761289476525,-16.072381766188375,"60",10,1,-42.04761289476525,-16.072381766188375,"60",10,2,-42.04761289476525,-16.072381766188375,"60",10,3,-42.04761289476525,-16.072381766188375,"60",10,4,-42.04761289476525,-16.072381766188375,"60",10,5,-42.04761289476525,-16.072381766188375,"60",10,6,-42.04761289476525,-16.072381766188375,"60",10,7,-42.04761289476525,-16.072381766188375,"60",10,8,-42.04761289476525,-16.072381766188375,"60",10,9,-42.04761289476525,-16.072381766188375,"60",10,10,-42.04761289476525,-16.072381766188375,"60",10,11,-42.04761289476525,-16.072381766188375,"60",10,12,-42.04761289476525,-16.072381766188375,"60",10,13,-42.04761289476525,-16.072381766188375,"60",10,14,-34.35614729912386,-17.71902919132735,"60",10,15,-51.120265913638235,-13.021462363662101,"60",11,0,-42.04761289476525,-16.072381766188375,"60",11,1,-42.04761289476525,-16.072381766188375,"60",11,2,-42.04761289476525,-16.072381766188375,"60",11,3,-42.04761289476525,-16.072381766188375,"60",11,4,-42.04761289476525,-16.072381766188375,"60",11,5,-42.04761289476525,-16.072381766188375,"60",11,6,-42.04761289476525,-16.072381766188375,"60",11,7,-42.04761289476525,-16.072381766188375,"60",11,8,-42.04761289476525,-16.072381766188375,"60",11,9,-42.04761289476525,-16.072381766188375,"60",11,10,-42.04761289476525,-16.072381766188375,"60",11,11,-42.04761289476525,-16.072381766188375,"60",11,12,-42.04761289476525,-16.072381766188375,"60",11,13,-42.04761289476525,-16.072381766188375,"60",11,14,-34.35614729912386,-17.71902919132735,"60",11,15,-51.120265913638235,-13.021462363662101,"60",12,1,-42.04761289476525,-16.072381766188375,"60",12,2,-42.04761289476525,-16.072381766188375,"60",12,3,-42.04761289476525,-16.072381766188375,"60",12,4,-42.04761289476525,-16.072381766188375,"60",12,5,-42.04761289476525,-16.072381766188375,"60",12,6,-42.04761289476525,-16.072381766188375,"60",12,7,-42.04761289476525,-16.072381766188375,"60",12,8,-42.04761289476525,-16.072381766188375,"60",12,9,-42.04761289476525,-16.072381766188375,"60",12,10,-42.04761289476525,-16.072381766188375,"60",12,11,-42.04761289476525,-16.072381766188375,"60",12,12,-42.04761289476525,-16.072381766188375,"60",12,13,-34.35614729912386,-17.71902919132735,"60",12,14]}