{"version":"1.0.1","stride":5,"width":16,"height":16,"matrix":[-42.04761289476525,-16.072381766188375,"60",5,1,-34.35614729912386,-17.71902919132735,"60",5,2,-34.35614729912386,-17.71902919132735,"60",5,3,-34.35614729912386,-17.71902919132735,"60",5,4,-34.35614729912386,-17.71902919132735,"60",5,5,-34.35614729912386,-17.71902919132735,"60",5,6,-34.35614729912386,-17.71902919132735,"60",5,7,-34.35614729912386,-17.71902919132735,"60",5,8,-34.35614729912386,-17.71902919132735,"60",5,9,-34.35614729912386,-17.71902919132735,"60",5,10,-34.35614729912386,-17.71902919132735,"60",5,11,-34.35614729912386,-17.71902919132735,"60",5,12,-34.35614729912386,-17.71902919132735,"60",5,13,-27.885860059536185,-18.38100354599738,"60",5,14,-42.04761289476525,-16.072381766188375,"60",6,0,-34.35614729912386,-17.71902919132735,"60",6,1,-34.35614729912386,-17.71902919132735,"60",6,2,-34.35614729912386,-17.71902919132735,"60",6,3,-34.35614729912386,-17.71902919132735,"60",6,4,-34.35614729912386,-17.71902919132735,"60",6,5,-34.35614729912386,-17.71902919132735,"60",6,6,-34.35614729912386,-17.71902919132735,"60",6,7,-34.35614729912386,-17.71902919132735,"60",6,8,-34.35614729912386,-17.71902919132735,"60",6,9,-34.35614729912386,-17.71902919132735,"60",6,10,-34.35614729912386,-17.71902919132735,"60",6,11,-34.35614729912386,-17.71902919132735,"60",6,12,-34.35614729912386,-17.71902919132735,"60",6,13,-34.35614729912386,-17.71902919132735,"60",6,14,-27.885860059536185,-18.38100354599738,"60",6,15,-42.04761289476525,-16.072381766188375,"60",7,0,-51.120265913638235,-13.021462363662101,"60",7,1,-42.04761289476525,-16.072381766188375,"60",7,2,-42.04761289476525,-16.072381766188375,"60",7,3,-42.04761289476525,-16.072381766188375,"60",7,4,-42.04761289476525,-16.072381766188375,"60",7,5,-42.04761289476525,-16.072381766188375,"60",7,6,-42.04761289476525,-16.072381766188375,"60",7,7,-42.04761289476525,-16.072381766188375,"60",7,8,-42.04761289476525,-16.072381766188375,"60",7,9,-42.04761289476525,-16.072381766188375,"60",7,10,-42.04761289476525,-16.072381766188375,"60",7,11,-42.04761289476525,-16.072381766188375,"60",7,12,-42.04761289476525,-16.072381766188375,"60",7,13,-34.35614729912386,-17.71902919132735,"60",7,14,-27.885860059536185,-18.38100354599738,"60",7,15,-51.120265913638235,-13.021462363662101,"60",8,0,-42.04761289476525,-16.072381766188375,"60",8,1,-42.04761289476525,-16.072381766188375,"60",8,2,-42.04761289476525,-16.072381766188375,"60",8,3,-42.04761289476525,-16.072381766188375,"60",8,4,-42.04761289476525,-16.072381766188375,"60",8,5,-42.04761289476525,-16.072381766188375,"60",8,6,-42.04761289476525,-16.072381766188375,"60",8,7,-42.04761289476525,-16.072381766188375,"60",8,8,-42.04761289476525,-16.072381766188375,"60",8,9,-42.04761289476525,-16.072381766188375,"60",8,10,-42.04761289476525,-16.072381766188375,"60",8,11,-42.04761289476525,-16.072381766188375,"60",8,12,-42.04761289476525,-16.072381766188375,"60",8,13,-42.04761289476525,-16.072381766188375,"60",8,14,-34.35614729912386,-17.71902919132735,"60",8,15,-51.120265913638235,-13.021462363662101,"60",9,0,-42.04761289476525,-16.072381766188375,"60",9,1,-42.04761289476525,-16.072381766188375,"60",9,2,-42.04761289476525,-16.072381766188375,"60",9,3,-42.04761289476525,-16.072381766188375,"60",9,4,-42.04761289476525,-16.072381766188375,"60",9,5,-42.04761289476525,-16.072381766188375,"60",9,6,-42.04761289476525,-16.072381766188375,"60",9,7,-42.04761289476525,-16.072381766188375,"60",9,8,-42.04761289476525,-16.072381766188375,"60",9,9,-42.04761289476525,-16.072381766188375,"60",9,10,-42.04761289476525,-16.072381766188375,"60",9,11,-42.04761289476525,-16.072381766188375,"60",9,12,-42.04761289476525,-16.072381766188375,"60",9,13,-42.04761289476525,-16.072381766188375,"60",9,14,-34.35614729912386,-17.71902919132735,"60",9,15,-51.120265913638235,-13.021462363662101,"60",10,1,-42.04761289476525,-16.072381766188375,"60",10,2,-42.04761289476525,-16.072381766188375,"60",10,3,-42.04761289476525,-16.072381766188375,"60",10,4,-42.04761289476525,-16.072381766188375,"60",10,5,-42.04761289476525,-16.072381766188375,"60",10,6,-42.04761289476525,-16.072381766188375,"60",10,7,-42.04761289476525,-16.072381766188375,"60",10,8,-42.04761289476525,-16.072381766188375,"60",10,9,-42.04761289476525,-16.072381766188375,"60",10,10,-42.04761289476525,-16.072381766188375,"60",10,11,-42.04761289476525,-16.072381766188375,"60",10,12,-42.04761289476525,-16.072381766188375,"60",10,13,-34.35614729912386,-17.71902919132735,"60",10,14]}