{"version":"1.0.1","stride":5,"width":16,"height":16,"matrix":[38.70121053866879,-69.00842782403636,100,5,6,18.1018285593636,-24.686917289187537,100,5,7,16.161360351662882,-21.24941878694838,100,5,8,18.1018285593636,-24.686917289187537,100,5,9,18.1018285593636,-24.686917289187537,100,5,10,-18.74118843726746,-9.973703379818744,"73",5,11,18.1018285593636,-24.686917289187537,100,6,6,22.9699549975906,-33.906576673482824,100,6,7,22.9699549975906,-33.906576673482824,100,6,8,-0.7061706504346976,-24.219305326654265,100,6,9,-26.25300644706704,-8.292330232867185,"73",6,10,-18.74118843726746,-9.973703379818744,"73",6,11,18.1018285593636,-24.686917289187537,100,7,6,22.9699549975906,-33.906576673482824,100,7,7,-36.39144081614677,-74.57994931317555,100,7,8,-26.25300644706704,-8.292330232867185,"73",7,9,-26.25300644706704,-8.292330232867185,"73",7,10,-18.74118843726746,-9.973703379818744,"73",7,11,18.1018285593636,-24.686917289187537,100,8,6,-49.35185059922555,-86.69782790452565,100,8,7,-26.25300644706704,-8.292330232867185,"73",8,8,-30.924449708084328,-6.546914060958076,"73",8,9,-26.25300644706704,-8.292330232867185,"73",8,10,-18.74118843726746,-9.973703379818744,"73",8,11,18.1018285593636,-24.686917289187537,100,9,6,-6.298106862857548,-36.158441664518605,100,9,7,-30.924449708084328,-6.546914060958076,"73",9,8,-26.25300644706704,-8.292330232867185,"73",9,9,-26.25300644706704,-8.292330232867185,"73",9,10,-18.74118843726746,-9.973703379818744,"73",9,11,-22.214696390436064,-9.375752303236021,"73",10,6,-22.214696390436064,-9.375752303236021,"73",10,7,-22.214696390436064,-9.375752303236021,"73",10,8,-22.214696390436064,-9.375752303236021,"73",10,9,-22.214696390436064,-9.375752303236021,"73",10,10,-36.29214168730833,-3.9074232437049057,"73",10,11]}