{"version":"1.0.1","stride":5,"width":16,"height":16,"matrix":[-52.46190280525931,-8.350869342807885,"100",5,6,-52.46190280525931,-8.350869342807885,"100",5,7,-52.46190280525931,-8.350869342807885,"100",5,8,-45.30238545052862,-1.1725699251065693,"100",5,9,-45.30238545052862,-1.1725699251065693,"100",5,10,-15.607188784105027,12.16870038305936,"100",5,11,-52.46190280525931,-8.350869342807885,"100",6,6,-45.30238545052869,-1.172569925106672,"100",6,7,-45.30238545052869,-1.172569925106672,"100",6,8,-38.70836221375277,3.9159085073411832,"100",6,9,-38.70836221375277,3.9159085073411832,"100",6,10,-15.607188784105027,12.16870038305936,"100",6,11,-52.46190280525931,-8.350869342807885,"100",7,6,-45.30238545052869,-1.172569925106672,"100",7,7,-38.70836221375277,3.9159085073411832,"100",7,8,-38.70836221375277,3.9159085073411832,"100",7,9,-32.777804557698964,7.414198878031786,"100",7,10,-15.607188784105027,12.16870038305936,"100",7,11,-52.46190280525931,-8.350869342807885,"100",8,6,-38.70836221375277,3.9159085073411832,"100",8,7,-38.70836221375277,3.9159085073411832,"100",8,8,-38.70836221375277,3.9159085073411832,"100",8,9,-32.777804557698964,7.414198878031786,"100",8,10,-15.607188784105027,12.16870038305936,"100",8,11,-52.46190280525931,-8.350869342807885,"100",9,6,-38.70836221375277,3.9159085073411832,"100",9,7,-32.777804557698964,7.414198878031786,"100",9,8,-32.777804557698964,7.414198878031786,"100",9,9,-32.777804557698964,7.414198878031786,"100",9,10,-15.607188784105027,12.16870038305936,"100",9,11,-19.00121143795268,11.884339464336746,"100",10,6,-19.00121143795268,11.884339464336746,"100",10,7,-19.00121143795268,11.884339464336746,"100",10,8,-19.00121143795268,11.884339464336746,"100",10,9,-19.00121143795268,11.884339464336746,"100",10,10,-15.607188784105027,12.16870038305936,"100",10,11]}