{"version":"1.0.1","stride":5,"width":16,"height":16,"matrix":[-93.8344930982064,-6.570444327451851,"75",1,8,-93.8344930982064,-6.570444327451851,"75",1,10,-78.29656593698056,4.589704360329382,"75",1,11,-93.8344930982064,-6.570444327451851,"75",2,6,-78.29656593698056,4.589704360329382,"75",2,9,-78.29656593698056,4.589704360329382,"75",2,11,-78.29656593698056,4.589704360329382,"75",2,12,-54.68604980039426,-10.649908115209037,"75",2,13,-93.8344930982064,-6.570444327451851,"75",3,6,-93.8344930982064,-6.570444327451851,"75",3,7,-78.29656593698056,4.589704360329382,"75",3,9,-65.71428571428571,-4.571428571428571,"75",3,10,96.19139997763445,49.077245440992364,"48",3,11,96.19139997763445,49.077245440992364,"48",3,12,-54.68604980039426,-10.649908115209037,"75",3,13,-93.8344930982064,-6.570444327451851,"75",4,4,-93.8344930982064,-6.570444327451851,"75",4,7,-65.71428571428571,-4.571428571428571,"75",4,9,96.19139997763445,49.077245440992364,"48",4,10,68.42292435445223,2.4932452260640785,"48",4,11,96.19139997763445,49.077245440992364,"48",4,12,-45.17180697243157,-14.485166529999628,"75",4,13,-169.74761491809775,9.782495499452269,"75",5,2,-93.8344930982064,-6.570444327451851,"75",5,4,-93.8344930982064,-6.570444327451851,"75",5,5,-78.29656593698056,4.589704360329382,"75",5,6,-78.29656593698056,4.589704360329367,"75",5,7,-78.29656593698056,4.589704360329367,"75",5,8,96.19139997763445,49.077245440992364,"48",5,9,68.42292435445223,2.4932452260640785,"48",5,10,96.19139997763445,49.077245440992364,"48",5,11,-30.202649803565677,-17.78894103785686,"75",5,12,-45.17180697243157,-14.485166529999628,"75",5,13,-169.74761491809775,9.782495499452269,"75",6,3,-93.8344930982064,-6.570444327451851,"75",6,5,-65.71428571428571,-4.571428571428571,"75",6,6,-65.71428571428571,-4.571428571428571,"75",6,7,-65.71428571428571,-4.571428571428571,"75",6,8,68.42292435445223,2.4932452260640785,"48",6,9,68.42292435445223,2.4932452260640785,"48",6,10,-19.641944337857453,-17.821781469205426,"75",6,11,-24.447208259763855,-18.07519199025591,"75",6,12,-45.17180697243157,-14.485166529999628,"75",6,13,-93.8344930982064,-6.570444327451851,"75",7,3,-93.8344930982064,-6.570444327451851,"75",7,4,-65.71428571428571,-4.571428571428571,"75",7,5,-65.71428571428571,-4.571428571428571,"75",7,6,68.42292435445223,2.4932452260640785,"48",7,7,68.42292435445223,2.4932452260640785,"48",7,8,68.42292435445223,2.4932452260640785,"48",7,9,-9.605383086272084,-15.431536201000682,"75",7,10,-15.647277945812325,-17.214081979046306,"75",7,11,-93.8344930982064,-6.570444327451851,"75",8,4,-65.71428571428571,-4.571428571428571,"75",8,5,68.42292435445223,2.4932452260640785,"48",8,6,27.325453884895133,0.7792624191373726,"48",8,7,68.42292435445223,2.4932452260640785,"48",8,8,68.42292435445223,2.4932452260640785,"48",8,9,-7.354342404160445,-14.418619307675673,"75",8,10,-78.29656593698056,4.589704360329367,"75",9,4,-54.68604980039464,-10.649908115208886,"75",9,5,68.42292435445223,2.4932452260640785,"48",9,6,68.42292435445223,2.4932452260640785,"48",9,7,68.42292435445223,2.4932452260640785,"48",9,8,-9.605383086272074,-15.431536201000677,"75",9,9,-9.605383086272074,-15.431536201000677,"75",9,10,-37.05917882568794,-16.70812325984418,"75",10,5,-37.05917882568794,-16.70812325984418,"75",10,6,-19.641944337857478,-17.821781469205437,"75",10,7,-15.647277945812318,-17.2140819790463,"75",10,8,-15.647277945812318,-17.2140819790463,"75",10,9,-24.447208259763904,-18.07519199025591,"75",11,6,-24.447208259763904,-18.07519199025591,"75",11,7]}