{"version":"1.0.1","stride":5,"width":16,"height":16,"matrix":[57.54605965591495,25.519140429919613,"48",4,10,57.54605965591495,25.519140429919613,"48",4,11,36.204209909855514,1.1203503037534621,"48",5,9,36.204209909855514,1.1203503037534621,"48",5,10,49.129534648982435,1.649755299309476,"48",5,11,57.54605965591495,25.519140429919613,"48",5,12,36.204209909855514,1.1203503037534621,"48",6,7,36.204209909855514,1.1203503037534621,"48",6,8,42.04344988639819,1.3552944658221595,"48",6,9,42.04344988639819,1.3552944658221595,"48",6,10,57.54605965591495,25.519140429919613,"48",6,11,49.129534648982435,1.649755299309476,"48",6,12,57.54605965591495,25.519140429919613,"48",6,13,36.204209909855514,1.1203503037534621,"48",7,6,36.204209909855514,1.1203503037534621,"48",7,7,36.204209909855514,1.1203503037534621,"48",7,8,36.20420990985545,1.12035030375346,"48",7,9,57.54605965591495,25.519140429919613,"48",7,11,49.129534648982435,1.649755299309476,"48",7,12,57.54605965591495,25.519140429919613,"48",7,13,36.204209909855514,1.1203503037534621,"48",8,6,5.169570055486361,-7.921169938621492,"48",8,7,36.204209909855514,1.1203503037534621,"48",8,8,31.362934774458655,0.9316908356645598,"48",8,9,36.20420990985545,1.12035030375346,"48",8,10,57.54605965591495,25.519140429919613,"48",8,12,36.204209909855514,1.1203503037534621,"48",9,7,31.362934774458655,0.9316908356645598,"48",9,8]}