{"version":"1.0.1","stride":5,"width":16,"height":16,"matrix":[36.204209909855514,1.1203503037534621,"48",7,7,36.204209909855514,1.1203503037534621,"48",7,8,57.54605965591495,25.519140429919613,"48",7,10,57.54605965591495,25.519140429919613,"48",7,11,57.54605965591495,25.519140429919613,"48",7,12,57.54605965591495,25.519140429919613,"48",7,13,36.204209909855514,1.1203503037534621,"48",8,6,5.169570055486361,-7.921169938621492,"48",8,7,36.204209909855514,1.1203503037534621,"48",8,8,36.204209909855514,1.1203503037534621,"48",8,9,42.04344988639819,1.3552944658221595,"48",8,10,49.129534648982435,1.649755299309476,"48",8,11,49.129534648982435,1.649755299309476,"48",8,12,49.129534648982435,1.649755299309476,"48",8,13,57.54605965591495,25.519140429919613,"48",8,14,36.204209909855514,1.1203503037534621,"48",9,6,36.204209909855514,1.1203503037534621,"48",9,7,31.362934774458655,0.9316908356645598,"48",9,8,42.04344988639819,1.3552944658221595,"48",9,9,49.129534648982435,1.649755299309476,"48",9,10,57.54605965591495,25.519140429919613,"48",9,11,57.54605965591495,25.519140429919613,"48",9,12,57.54605965591495,25.519140429919613,"48",9,13,36.204209909855514,1.1203503037534621,"48",10,8]}