{"version":"1.0.1","stride":5,"width":16,"height":16,"matrix":[-41.937250139032834,-8.594909374810294,"100",0,7,-41.937250139032834,-8.594909374810294,"100",0,8,-41.937250139032834,-8.594909374810294,"100",0,9,-41.937250139032834,-8.594909374810294,"100",0,10,-41.937250139032834,-8.594909374810294,"100",0,11,-49.90399326395043,-3.984322778678125,"100",0,12,-41.937250139032834,-8.594909374810294,"100",1,6,-34.969267473973076,-11.57779007867306,"100",1,7,-34.969267473973076,-11.57779007867306,"100",1,8,-34.969267473973076,-11.57779007867306,"100",1,9,-34.969267473973076,-11.57779007867306,"100",1,10,-34.969267473973076,-11.57779007867306,"100",1,11,-34.969267473973076,-11.57779007867306,"100",1,12,-49.90399326395043,-3.984322778678125,"100",1,13,-41.937250139032834,-8.594909374810294,"100",2,6,-34.969267473973076,-11.57779007867306,"100",2,7,-34.969267473973076,-11.57779007867306,"100",2,8,-34.969267473973076,-11.57779007867306,"100",2,9,-34.969267473973076,-11.57779007867306,"100",2,10,-34.969267473973076,-11.57779007867306,"100",2,11,-34.969267473973076,-11.57779007867306,"100",2,12,-49.90399326395043,-3.984322778678125,"100",2,13,-41.937250139032834,-8.594909374810294,"100",3,6,-34.969267473973076,-11.57779007867306,"100",3,7,-34.969267473973076,-11.57779007867306,"100",3,8,-34.969267473973076,-11.57779007867306,"100",3,9,-34.969267473973076,-11.57779007867306,"100",3,10,-34.969267473973076,-11.57779007867306,"100",3,11,-34.969267473973076,-11.57779007867306,"100",3,12,-49.90399326395043,-3.984322778678125,"100",3,13,-41.937250139032834,-8.594909374810294,"100",4,6,-34.969267473973076,-11.57779007867306,"100",4,7,-34.969267473973076,-11.57779007867306,"100",4,8,-34.969267473973076,-11.57779007867306,"100",4,9,-34.969267473973076,-11.57779007867306,"100",4,10,-34.969267473973076,-11.57779007867306,"100",4,11,-34.969267473973076,-11.57779007867306,"100",4,12,-49.90399326395043,-3.984322778678125,"100",4,13,-41.937250139032834,-8.594909374810294,"100",5,6,-34.969267473973076,-11.57779007867306,"100",5,7,-34.969267473973076,-11.57779007867306,"100",5,8,-34.969267473973076,-11.57779007867306,"100",5,9,-34.969267473973076,-11.57779007867306,"100",5,10,-34.969267473973076,-11.57779007867306,"100",5,11,-34.969267473973076,-11.57779007867306,"100",5,12,-49.90399326395043,-3.984322778678125,"100",5,13,-41.937250139032834,-8.594909374810294,"100",6,6,-34.969267473973076,-11.57779007867306,"100",6,7,-34.969267473973076,-11.57779007867306,"100",6,8,-34.969267473973076,-11.57779007867306,"100",6,9,-34.969267473973076,-11.57779007867306,"100",6,10,-34.969267473973076,-11.57779007867306,"100",6,11,-34.969267473973076,-11.57779007867306,"100",6,12,-49.90399326395043,-3.984322778678125,"100",6,13,-41.937250139032834,-8.594909374810294,"100",7,6,-34.969267473973076,-11.57779007867306,"100",7,7,-34.969267473973076,-11.57779007867306,"100",7,8,-34.969267473973076,-11.57779007867306,"100",7,9,-34.969267473973076,-11.57779007867306,"100",7,10,-34.969267473973076,-11.57779007867306,"100",7,11,-34.969267473973076,-11.57779007867306,"100",7,12,-49.90399326395043,-3.984322778678125,"100",7,13,-41.937250139032834,-8.594909374810294,"100",8,6,-34.969267473973076,-11.57779007867306,"100",8,7,-34.969267473973076,-11.57779007867306,"100",8,8,-34.969267473973076,-11.57779007867306,"100",8,9,-34.969267473973076,-11.57779007867306,"100",8,10,-34.969267473973076,-11.57779007867306,"100",8,11,-34.969267473973076,-11.57779007867306,"100",8,12,-49.90399326395043,-3.984322778678125,"100",8,13,-41.937250139032834,-8.594909374810294,"100",9,6,-34.969267473973076,-11.57779007867306,"100",9,7,-34.969267473973076,-11.57779007867306,"100",9,8,-34.969267473973076,-11.57779007867306,"100",9,9,-34.969267473973076,-11.57779007867306,"100",9,10,-34.969267473973076,-11.57779007867306,"100",9,11,-34.969267473973076,-11.57779007867306,"100",9,12,-49.90399326395043,-3.984322778678125,"100",9,13,-41.937250139032834,-8.594909374810294,"100",10,6,-34.969267473973076,-11.57779007867306,"100",10,7,-34.969267473973076,-11.57779007867306,"100",10,8,-34.969267473973076,-11.57779007867306,"100",10,9,-34.969267473973076,-11.57779007867306,"100",10,10,-34.969267473973076,-11.57779007867306,"100",10,11,-34.969267473973076,-11.57779007867306,"100",10,12,-49.90399326395043,-3.984322778678125,"100",10,13,-41.937250139032834,-8.594909374810294,"100",11,6,-34.969267473973076,-11.57779007867306,"100",11,7,-34.969267473973076,-11.57779007867306,"100",11,8,-34.969267473973076,-11.57779007867306,"100",11,9,-34.969267473973076,-11.57779007867306,"100",11,10,-34.969267473973076,-11.57779007867306,"100",11,11,-34.969267473973076,-11.57779007867306,"100",11,12,-49.90399326395043,-3.984322778678125,"100",11,13,-41.937250139032834,-8.594909374810294,"100",12,6,-34.969267473973076,-11.57779007867306,"100",12,7,-34.969267473973076,-11.57779007867306,"100",12,8,-34.969267473973076,-11.57779007867306,"100",12,9,-34.969267473973076,-11.57779007867306,"100",12,10,-34.969267473973076,-11.57779007867306,"100",12,11,-34.969267473973076,-11.57779007867306,"100",12,12,-49.90399326395043,-3.984322778678125,"100",12,13,-41.937250139032834,-8.594909374810294,"100",13,6,-34.969267473973076,-11.57779007867306,"100",13,7,-34.969267473973076,-11.57779007867306,"100",13,8,-34.969267473973076,-11.57779007867306,"100",13,9,-34.969267473973076,-11.57779007867306,"100",13,10,-34.969267473973076,-11.57779007867306,"100",13,11,-34.969267473973076,-11.57779007867306,"100",13,12,-49.90399326395043,-3.984322778678125,"100",13,13,-41.937250139032834,-8.594909374810294,"100",14,6,-34.969267473973076,-11.57779007867306,"100",14,7,-34.969267473973076,-11.57779007867306,"100",14,8,-34.969267473973076,-11.57779007867306,"100",14,9,-34.969267473973076,-11.57779007867306,"100",14,10,-34.969267473973076,-11.57779007867306,"100",14,11,-34.969267473973076,-11.57779007867306,"100",14,12,-49.90399326395043,-3.984322778678125,"100",14,13,-41.937250139032834,-8.594909374810294,"100",15,7,-41.937250139032834,-8.594909374810294,"100",15,8,-41.937250139032834,-8.594909374810294,"100",15,9,-41.937250139032834,-8.594909374810294,"100",15,10,-41.937250139032834,-8.594909374810294,"100",15,11,-49.90399326395043,-3.984322778678125,"100",15,12]}