{"version":"1.0.1","stride":5,"width":16,"height":16,"matrix":[-80.44819327057871,44.50146947436041,"95",5,6,-80.44819327057871,44.50146947436041,"95",5,7,-80.44819327057871,44.50146947436041,"95",5,8,-80.44819327057871,44.50146947436041,"95",5,9,-80.44819327057871,44.50146947436041,"95",5,10,-16.288667601926075,30.33303290421108,"95",5,11,-80.44819327057871,44.50146947436041,"95",6,6,-48.83070759050987,42.13814419310989,"95",6,7,-48.83070759050987,42.13814419310989,"95",6,8,-48.83070759050987,42.13814419310989,"95",6,9,-48.83070759050987,42.13814419310989,"95",6,10,-16.288667601926075,30.33303290421108,"95",6,11,-80.44819327057871,44.50146947436041,"95",7,6,-48.83070759050987,42.13814419310989,"95",7,7,-48.83070759050987,42.13814419310989,"95",7,8,-48.83070759050987,42.13814419310989,"95",7,9,-48.83070759050987,42.13814419310989,"95",7,10,-16.288667601926075,30.33303290421108,"95",7,11,-80.44819327057871,44.50146947436041,"95",8,6,-48.83070759050987,42.13814419310989,"95",8,7,-48.83070759050987,42.13814419310989,"95",8,8,-48.83070759050987,42.13814419310989,"95",8,9,-48.83070759050987,42.13814419310989,"95",8,10,-16.288667601926075,30.33303290421108,"95",8,11,-80.44819327057871,44.50146947436041,"95",9,6,-48.83070759050987,42.13814419310989,"95",9,7,-48.83070759050987,42.13814419310989,"95",9,8,-48.83070759050987,42.13814419310989,"95",9,9,-48.83070759050987,42.13814419310989,"95",9,10,-16.288667601926075,30.33303290421108,"95",9,11,-62.857142857142826,44.000000000000014,"95",10,6,-62.857142857142826,44.000000000000014,"95",10,7,-62.857142857142826,44.000000000000014,"95",10,8,-62.857142857142826,44.000000000000014,"95",10,9,-62.857142857142826,44.000000000000014,"95",10,10,-16.288667601926075,30.33303290421108,"95",10,11]}