{"version":"1.0.1","stride":5,"width":16,"height":16,"matrix":[67.46762493639986,19.369660978404607,"65",3,7,67.46762493639986,19.369660978404607,"65",3,8,67.46762493639986,19.369660978404607,"65",3,9,67.46762493639986,19.369660978404607,"65",4,5,67.46762493639986,19.369660978404607,"65",4,6,67.46762493639986,19.369660978404607,"65",4,10,67.46762493639986,19.369660978404607,"65",4,11,67.46762493639986,19.369660978404607,"65",5,4,67.46762493639986,19.369660978404607,"65",5,12,67.46762493639986,19.369660978404607,"65",6,4,15.44826853202584,57.8787550830224,"65",6,6,15.44826853202584,57.8787550830224,"65",6,7,15.44826853202584,57.8787550830224,"65",6,9,15.44826853202584,57.8787550830224,"65",6,10,67.46762493639986,19.369660978404607,"65",6,12,67.46762493639986,19.369660978404607,"65",7,3,15.44826853202584,57.8787550830224,"65",7,6,48.709611611777966,24.030202440224418,"65",7,7,48.709611611777966,24.030202440224418,"65",7,8,48.709611611777966,24.030202440224418,"65",7,9,15.44826853202584,57.8787550830224,"65",7,10,67.46762493639986,19.369660978404607,"65",7,13,67.46762493639986,19.369660978404607,"65",8,3,48.709611611777966,24.030202440224418,"65",8,7,48.140292604407456,8.462914149585638,"65",8,8,48.709611611777966,24.030202440224418,"65",8,9,67.46762493639986,19.369660978404607,"65",8,13,67.46762493639986,19.369660978404607,"65",9,3,15.44826853202584,57.8787550830224,"65",9,6,48.709611611777966,24.030202440224418,"65",9,7,48.709611611777966,24.030202440224418,"65",9,8,48.709611611777966,24.030202440224418,"65",9,9,15.44826853202584,57.8787550830224,"65",9,10,67.46762493639986,19.369660978404607,"65",9,13,67.46762493639986,19.369660978404607,"65",10,4,15.44826853202584,57.8787550830224,"65",10,6,15.44826853202584,57.8787550830224,"65",10,7,15.44826853202584,57.8787550830224,"65",10,9,15.44826853202584,57.8787550830224,"65",10,10,67.46762493639986,19.369660978404607,"65",10,12,67.46762493639986,19.369660978404607,"65",11,4,67.46762493639986,19.369660978404607,"65",11,12,67.46762493639986,19.369660978404607,"65",12,5,67.46762493639986,19.369660978404607,"65",12,6,67.46762493639986,19.369660978404607,"65",12,10,67.46762493639986,19.369660978404607,"65",12,11,67.46762493639986,19.369660978404607,"65",13,7,67.46762493639986,19.369660978404607,"65",13,8,67.46762493639986,19.369660978404607,"65",13,9]}