{"version":"1.0.1","stride":5,"width":16,"height":16,"matrix":[67.46762493639986,19.369660978404607,"65",5,7,67.46762493639986,19.369660978404607,"65",5,8,67.46762493639986,19.369660978404607,"65",5,9,67.46762493639986,19.369660978404607,"65",6,6,67.46762493639986,19.369660978404607,"65",6,10,67.46762493639986,19.369660978404607,"65",7,5,48.709611611777966,24.030202440224418,"65",7,7,48.709611611777966,24.030202440224418,"65",7,8,48.709611611777966,24.030202440224418,"65",7,9,67.46762493639986,19.369660978404607,"65",7,11,67.46762493639986,19.369660978404607,"65",8,5,48.709611611777966,24.030202440224418,"65",8,7,48.140292604407456,8.462914149585638,"65",8,8,48.709611611777966,24.030202440224418,"65",8,9,67.46762493639986,19.369660978404607,"65",8,11,67.46762493639986,19.369660978404607,"65",9,5,48.709611611777966,24.030202440224418,"65",9,7,48.709611611777966,24.030202440224418,"65",9,8,48.709611611777966,24.030202440224418,"65",9,9,67.46762493639986,19.369660978404607,"65",9,11,67.46762493639986,19.369660978404607,"65",10,6,67.46762493639986,19.369660978404607,"65",10,10,67.46762493639986,19.369660978404607,"65",11,7,67.46762493639986,19.369660978404607,"65",11,8,67.46762493639986,19.369660978404607,"65",11,9]}