{"version":"1.0.1","stride":5,"width":16,"height":16,"matrix":[-49.707112468080965,-8.358392730884997,"48",5,7,-49.707112468080965,-8.358392730884997,"48",5,8,-49.707112468080965,-8.358392730884997,"48",5,9,-49.707112468080965,-8.358392730884997,"48",6,6,-49.707112468080965,-8.358392730884997,"48",6,10,-49.707112468080965,-8.358392730884997,"48",7,5,-19.677997910765175,-14.379107102827941,"48",7,7,-19.677997910765175,-14.379107102827941,"48",7,8,-19.677997910765175,-14.379107102827941,"48",7,9,-49.707112468080965,-8.358392730884997,"48",7,11,-49.707112468080965,-8.358392730884997,"48",8,5,-19.677997910765175,-14.379107102827941,"48",8,7,-49.707112468080965,-8.358392730884997,"48",8,8,-19.677997910765175,-14.379107102827941,"48",8,9,-49.707112468080965,-8.358392730884997,"48",8,11,-49.707112468080965,-8.358392730884997,"48",9,5,-19.677997910765175,-14.379107102827941,"48",9,7,-19.677997910765175,-14.379107102827941,"48",9,8,-19.677997910765175,-14.379107102827941,"48",9,9,-49.707112468080965,-8.358392730884997,"48",9,11,-49.707112468080965,-8.358392730884997,"48",10,6,-49.707112468080965,-8.358392730884997,"48",10,10,-49.707112468080965,-8.358392730884997,"48",11,7,-49.707112468080965,-8.358392730884997,"48",11,8,-49.707112468080965,-8.358392730884997,"48",11,9]}