{"version":"1.0.1","stride":5,"width":16,"height":16,"matrix":[15.44826853202584,57.8787550830224,"65",4,6,15.44826853202584,57.8787550830224,"65",5,7,15.44826853202584,57.8787550830224,"65",5,10,15.44826853202584,57.8787550830224,"65",6,5,15.44826853202584,57.8787550830224,"65",6,12,15.44826853202584,57.8787550830224,"65",7,11,-15.166260125388245,48.73783858347471,"65",8,8,15.44826853202584,57.8787550830224,"65",9,5,15.44826853202584,57.8787550830224,"65",10,4,15.44826853202584,57.8787550830224,"65",10,11,15.44826853202584,57.8787550830224,"65",11,6,15.44826853202584,57.8787550830224,"65",11,9,15.44826853202584,57.8787550830224,"65",12,10]}