{"version":"1.0.1","stride":5,"width":16,"height":16,"matrix":[-43.34372172593539,-1.1727019362144058,"48",5,8,-43.34372172593539,-1.1727019362144058,"48",5,9,-43.34372172593539,-1.1727019362144058,"48",6,6,-43.34372172593539,-1.1727019362144058,"48",6,7,-43.34372172593539,-1.1727019362144058,"48",6,10,-43.34372172593539,-1.1727019362144058,"48",7,5,-19.677997910765175,-14.379107102827941,"48",7,7,-19.677997910765175,-14.379107102827941,"48",7,8,-43.34372172593539,-1.1727019362144058,"48",7,10,-43.34372172593539,-1.1727019362144058,"48",8,5,-19.677997910765175,-14.379107102827941,"48",8,7,-43.34372172593539,-1.1727019362144058,"48",8,8,-19.677997910765175,-14.379107102827941,"48",8,9,-43.34372172593539,-1.1727019362144058,"48",8,11,-43.34372172593539,-1.1727019362144058,"48",9,6,-19.677997910765175,-14.379107102827941,"48",9,8,-19.677997910765175,-14.379107102827941,"48",9,9,-43.34372172593539,-1.1727019362144058,"48",9,11,-43.34372172593539,-1.1727019362144058,"48",10,6,-43.34372172593539,-1.1727019362144058,"48",10,9,-43.34372172593539,-1.1727019362144058,"48",10,10,-43.34372172593539,-1.1727019362144058,"48",11,7,-43.34372172593539,-1.1727019362144058,"48",11,8]}