{"version":"1.0.1","stride":5,"width":16,"height":16,"matrix":[-20.35852598547619,-20.417536303963857,"48",2,5,-21.47512058320296,-3.856383411474415,"48",2,6,-30.81685941676381,-3.1177731310422776,"48",2,7,-43.34372172593539,-1.1727019362144058,"48",2,8,-30.81685941676381,-3.1177731310422776,"48",2,9,-21.47512058320296,-3.856383411474415,"48",2,10,-20.35852598547619,-20.417536303963857,"48",2,11,-20.35852598547619,-20.417536303963857,"48",3,4,-20.35852598547619,-20.417536303963857,"48",3,12,-20.35852598547619,-20.417536303963857,"48",4,3,-20.35852598547619,-20.417536303963857,"48",4,13,-20.35852598547619,-20.417536303963857,"48",5,2,-20.35852598547619,-20.417536303963857,"48",5,14,-21.47512058320296,-3.856383411474415,"48",6,2,-21.47512058320296,-3.856383411474415,"48",6,14,-30.81685941676381,-3.1177731310422776,"48",7,2,-30.81685941676381,-3.1177731310422776,"48",7,14,-43.34372172593539,-1.1727019362144058,"48",8,2,-43.34372172593539,-1.1727019362144058,"48",8,14,-30.81685941676381,-3.1177731310422776,"48",9,2,-30.81685941676381,-3.1177731310422776,"48",9,14,-21.47512058320296,-3.856383411474415,"48",10,2,-21.47512058320296,-3.856383411474415,"48",10,14,-20.35852598547619,-20.417536303963857,"48",11,2,-20.35852598547619,-20.417536303963857,"48",11,14,-20.35852598547619,-20.417536303963857,"48",12,3,-20.35852598547619,-20.417536303963857,"48",12,13,-20.35852598547619,-20.417536303963857,"48",13,4,-20.35852598547619,-20.417536303963857,"48",13,12,-20.35852598547619,-20.417536303963857,"48",14,5,-21.47512058320296,-3.856383411474415,"48",14,6,-30.81685941676381,-3.1177731310422776,"48",14,7,-43.34372172593539,-1.1727019362144058,"48",14,8,-30.81685941676381,-3.1177731310422776,"48",14,9,-21.47512058320296,-3.856383411474415,"48",14,10,-20.35852598547619,-20.417536303963857,"48",14,11]}