{"version":"1.0.1","stride":5,"width":16,"height":16,"matrix":[-43.34372172593539,-1.1727019362144058,"48",5,7,-43.34372172593539,-1.1727019362144058,"48",5,8,-43.34372172593539,-1.1727019362144058,"48",6,6,-43.34372172593539,-1.1727019362144058,"48",6,9,-43.34372172593539,-1.1727019362144058,"48",6,10,-43.34372172593539,-1.1727019362144058,"48",7,6,-20.35852598547619,-20.417536303963857,"48",7,8,-20.35852598547619,-20.417536303963857,"48",7,9,-43.34372172593539,-1.1727019362144058,"48",7,11,-43.34372172593539,-1.1727019362144058,"48",8,5,-20.35852598547619,-20.417536303963857,"48",8,7,-43.34372172593539,-1.1727019362144058,"48",8,8,-20.35852598547619,-20.417536303963857,"48",8,9,-43.34372172593539,-1.1727019362144058,"48",8,11,-43.34372172593539,-1.1727019362144058,"48",9,5,-20.35852598547619,-20.417536303963857,"48",9,7,-20.35852598547619,-20.417536303963857,"48",9,8,-43.34372172593539,-1.1727019362144058,"48",9,10,-43.34372172593539,-1.1727019362144058,"48",10,6,-43.34372172593539,-1.1727019362144058,"48",10,7,-43.34372172593539,-1.1727019362144058,"48",10,10,-43.34372172593539,-1.1727019362144058,"48",11,8,-43.34372172593539,-1.1727019362144058,"48",11,9]}