{"version":"1.0.1","stride":5,"width":16,"height":16,"matrix":[15.44826853202584,57.8787550830224,"65",1,7,15.44826853202584,57.8787550830224,"65",1,8,15.44826853202584,57.8787550830224,"65",1,9,15.44826853202584,57.8787550830224,"65",2,5,15.44826853202584,57.8787550830224,"65",2,6,15.44826853202584,57.8787550830224,"65",2,10,15.44826853202584,57.8787550830224,"65",2,11,15.44826853202584,57.8787550830224,"65",3,4,15.44826853202584,57.8787550830224,"65",3,12,15.44826853202584,57.8787550830224,"65",4,3,15.44826853202584,57.8787550830224,"65",4,13,15.44826853202584,57.8787550830224,"65",5,2,48.709611611777966,24.030202440224418,"65",5,7,15.44826853202584,57.8787550830224,"65",5,10,15.44826853202584,57.8787550830224,"65",5,14,15.44826853202584,57.8787550830224,"65",6,2,15.44826853202584,57.8787550830224,"65",6,5,15.44826853202584,57.8787550830224,"65",6,7,48.709611611777966,24.030202440224418,"65",6,8,15.44826853202584,57.8787550830224,"65",6,9,15.44826853202584,57.8787550830224,"65",6,14,15.44826853202584,57.8787550830224,"65",7,1,15.44826853202584,57.8787550830224,"65",7,6,15.44826853202584,57.8787550830224,"65",7,7,48.709611611777966,24.030202440224418,"65",7,8,15.44826853202584,57.8787550830224,"65",7,9,15.44826853202584,57.8787550830224,"65",7,10,48.709611611777966,24.030202440224418,"65",7,11,15.44826853202584,57.8787550830224,"65",7,15,15.44826853202584,57.8787550830224,"65",8,1,48.709611611777966,24.030202440224418,"65",8,6,48.709611611777966,24.030202440224418,"65",8,7,15.44826853202584,57.8787550830224,"65",8,8,48.709611611777966,24.030202440224418,"65",8,9,48.709611611777966,24.030202440224418,"65",8,10,15.44826853202584,57.8787550830224,"65",8,15,15.44826853202584,57.8787550830224,"65",9,1,48.709611611777966,24.030202440224418,"65",9,5,15.44826853202584,57.8787550830224,"65",9,6,15.44826853202584,57.8787550830224,"65",9,7,48.709611611777966,24.030202440224418,"65",9,8,15.44826853202584,57.8787550830224,"65",9,9,15.44826853202584,57.8787550830224,"65",9,10,15.44826853202584,57.8787550830224,"65",9,15,15.44826853202584,57.8787550830224,"65",10,2,15.44826853202584,57.8787550830224,"65",10,7,48.709611611777966,24.030202440224418,"65",10,8,15.44826853202584,57.8787550830224,"65",10,9,15.44826853202584,57.8787550830224,"65",10,11,15.44826853202584,57.8787550830224,"65",10,14,15.44826853202584,57.8787550830224,"65",11,2,15.44826853202584,57.8787550830224,"65",11,6,48.709611611777966,24.030202440224418,"65",11,9,15.44826853202584,57.8787550830224,"65",11,14,15.44826853202584,57.8787550830224,"65",12,3,15.44826853202584,57.8787550830224,"65",12,13,15.44826853202584,57.8787550830224,"65",13,4,15.44826853202584,57.8787550830224,"65",13,12,15.44826853202584,57.8787550830224,"65",14,5,15.44826853202584,57.8787550830224,"65",14,6,15.44826853202584,57.8787550830224,"65",14,10,15.44826853202584,57.8787550830224,"65",14,11,15.44826853202584,57.8787550830224,"65",15,7,15.44826853202584,57.8787550830224,"65",15,8,15.44826853202584,57.8787550830224,"65",15,9]}