{"version":"1.0.1","stride":5,"width":16,"height":16,"matrix":[-43.34372172593539,-1.1727019362144058,"48",5,7,-43.34372172593539,-1.1727019362144058,"48",5,8,-43.34372172593539,-1.1727019362144058,"48",5,9,-43.34372172593539,-1.1727019362144058,"48",6,6,-31.331001595241712,-25.629040631928852,"48",6,7,-31.331001595241712,-25.629040631928852,"48",6,8,-31.331001595241712,-25.629040631928852,"48",6,9,-43.34372172593539,-1.1727019362144058,"48",6,10,-43.34372172593539,-1.1727019362144058,"48",7,5,-31.331001595241712,-25.629040631928852,"48",7,6,-31.331001595241712,-25.629040631928852,"48",7,10,-43.34372172593539,-1.1727019362144058,"48",7,11,-43.34372172593539,-1.1727019362144058,"48",8,5,-31.331001595241712,-25.629040631928852,"48",8,6,-31.331001595241712,-25.629040631928852,"48",8,10,-43.34372172593539,-1.1727019362144058,"48",8,11,-43.34372172593539,-1.1727019362144058,"48",9,5,-31.331001595241712,-25.629040631928852,"48",9,6,-31.331001595241712,-25.629040631928852,"48",9,10,-43.34372172593539,-1.1727019362144058,"48",9,11,-43.34372172593539,-1.1727019362144058,"48",10,6,-31.331001595241712,-25.629040631928852,"48",10,7,-31.331001595241712,-25.629040631928852,"48",10,8,-31.331001595241712,-25.629040631928852,"48",10,9,-43.34372172593539,-1.1727019362144058,"48",10,10,-43.34372172593539,-1.1727019362144058,"48",11,7,-43.34372172593539,-1.1727019362144058,"48",11,8,-43.34372172593539,-1.1727019362144058,"48",11,9]}