{"version":"1.0.1","stride":5,"width":16,"height":16,"matrix":[-43.34372172593539,-1.1727019362144058,"48",3,6,-43.34372172593539,-1.1727019362144058,"48",3,7,-43.34372172593539,-1.1727019362144058,"48",3,8,-43.34372172593539,-1.1727019362144058,"48",3,9,-43.34372172593539,-1.1727019362144058,"48",3,10,-43.34372172593539,-1.1727019362144058,"48",4,5,-46.63108009283116,-31.117892603122904,"48",4,6,-31.331001595241712,-25.629040631928852,"48",4,7,-31.331001595241712,-25.629040631928852,"48",4,8,-31.331001595241712,-25.629040631928852,"48",4,9,-46.63108009283116,-31.117892603122904,"48",4,10,-43.34372172593539,-1.1727019362144058,"48",4,11,-43.34372172593539,-1.1727019362144058,"48",5,4,-46.63108009283116,-31.117892603122904,"48",5,5,-31.331001595241712,-25.629040631928852,"48",5,6,-31.331001595241712,-25.629040631928852,"48",5,10,-46.63108009283116,-31.117892603122904,"48",5,11,-43.34372172593539,-1.1727019362144058,"48",5,12,-43.34372172593539,-1.1727019362144058,"48",6,3,-46.63108009283116,-31.117892603122904,"48",6,4,-31.331001595241712,-25.629040631928852,"48",6,5,-31.331001595241712,-25.629040631928852,"48",6,11,-46.63108009283116,-31.117892603122904,"48",6,12,-43.34372172593539,-1.1727019362144058,"48",6,13,-43.34372172593539,-1.1727019362144058,"48",7,3,-31.331001595241712,-25.629040631928852,"48",7,4,-31.331001595241712,-25.629040631928852,"48",7,12,-43.34372172593539,-1.1727019362144058,"48",7,13,-43.34372172593539,-1.1727019362144058,"48",8,3,-31.331001595241712,-25.629040631928852,"48",8,4,-31.331001595241712,-25.629040631928852,"48",8,12,-43.34372172593539,-1.1727019362144058,"48",8,13,-43.34372172593539,-1.1727019362144058,"48",9,3,-31.331001595241712,-25.629040631928852,"48",9,4,-31.331001595241712,-25.629040631928852,"48",9,12,-43.34372172593539,-1.1727019362144058,"48",9,13,-43.34372172593539,-1.1727019362144058,"48",10,3,-46.63108009283116,-31.117892603122904,"48",10,4,-31.331001595241712,-25.629040631928852,"48",10,5,-31.331001595241712,-25.629040631928852,"48",10,11,-46.63108009283116,-31.117892603122904,"48",10,12,-43.34372172593539,-1.1727019362144058,"48",10,13,-43.34372172593539,-1.1727019362144058,"48",11,4,-46.63108009283116,-31.117892603122904,"48",11,5,-31.331001595241712,-25.629040631928852,"48",11,6,-31.331001595241712,-25.629040631928852,"48",11,10,-46.63108009283116,-31.117892603122904,"48",11,11,-43.34372172593539,-1.1727019362144058,"48",11,12,-43.34372172593539,-1.1727019362144058,"48",12,5,-46.63108009283116,-31.117892603122904,"48",12,6,-31.331001595241712,-25.629040631928852,"48",12,7,-31.331001595241712,-25.629040631928852,"48",12,8,-31.331001595241712,-25.629040631928852,"48",12,9,-46.63108009283116,-31.117892603122904,"48",12,10,-43.34372172593539,-1.1727019362144058,"48",12,11,-43.34372172593539,-1.1727019362144058,"48",13,6,-43.34372172593539,-1.1727019362144058,"48",13,7,-43.34372172593539,-1.1727019362144058,"48",13,8,-43.34372172593539,-1.1727019362144058,"48",13,9,-43.34372172593539,-1.1727019362144058,"48",13,10]}