{"version":"1.0.1","stride":5,"width":16,"height":16,"matrix":[67.46762493639986,19.369660978404607,"65",6,7,67.46762493639986,19.369660978404607,"65",6,8,67.46762493639986,19.369660978404607,"65",6,9,67.46762493639986,19.369660978404607,"65",7,6,15.44826853202584,57.8787550830224,"65",7,7,15.44826853202584,57.8787550830224,"65",7,8,15.44826853202584,57.8787550830224,"65",7,9,67.46762493639986,19.369660978404607,"65",7,10,67.46762493639986,19.369660978404607,"65",8,6,15.44826853202584,57.8787550830224,"65",8,7,48.140292604407456,8.462914149585638,"65",8,8,15.44826853202584,57.8787550830224,"65",8,9,67.46762493639986,19.369660978404607,"65",8,10,67.46762493639986,19.369660978404607,"65",9,6,15.44826853202584,57.8787550830224,"65",9,7,15.44826853202584,57.8787550830224,"65",9,8,15.44826853202584,57.8787550830224,"65",9,9,67.46762493639986,19.369660978404607,"65",9,10,67.46762493639986,19.369660978404607,"65",10,7,67.46762493639986,19.369660978404607,"65",10,8,67.46762493639986,19.369660978404607,"65",10,9]}