{"version":"1.0.1","stride":5,"width":16,"height":16,"matrix":[15.44826853202584,57.8787550830224,"65",4,6,15.44826853202584,57.8787550830224,"65",4,7,15.44826853202584,57.8787550830224,"65",4,8,15.44826853202584,57.8787550830224,"65",4,9,15.44826853202584,57.8787550830224,"65",4,10,15.44826853202584,57.8787550830224,"65",5,5,15.44826853202584,57.8787550830224,"65",5,11,15.44826853202584,57.8787550830224,"65",6,4,15.44826853202584,57.8787550830224,"65",6,7,15.44826853202584,57.8787550830224,"65",6,9,15.44826853202584,57.8787550830224,"65",6,12,15.44826853202584,57.8787550830224,"65",7,4,15.44826853202584,57.8787550830224,"65",7,6,15.44826853202584,57.8787550830224,"65",7,7,48.709611611777966,24.030202440224418,"65",7,8,15.44826853202584,57.8787550830224,"65",7,9,15.44826853202584,57.8787550830224,"65",7,10,15.44826853202584,57.8787550830224,"65",7,12,15.44826853202584,57.8787550830224,"65",8,4,48.709611611777966,24.030202440224418,"65",8,7,15.44826853202584,57.8787550830224,"65",8,8,48.709611611777966,24.030202440224418,"65",8,9,15.44826853202584,57.8787550830224,"65",8,12,15.44826853202584,57.8787550830224,"65",9,4,15.44826853202584,57.8787550830224,"65",9,6,15.44826853202584,57.8787550830224,"65",9,7,48.709611611777966,24.030202440224418,"65",9,8,15.44826853202584,57.8787550830224,"65",9,9,15.44826853202584,57.8787550830224,"65",9,10,15.44826853202584,57.8787550830224,"65",9,12,15.44826853202584,57.8787550830224,"65",10,4,15.44826853202584,57.8787550830224,"65",10,7,15.44826853202584,57.8787550830224,"65",10,9,15.44826853202584,57.8787550830224,"65",10,12,15.44826853202584,57.8787550830224,"65",11,5,15.44826853202584,57.8787550830224,"65",11,11,15.44826853202584,57.8787550830224,"65",12,6,15.44826853202584,57.8787550830224,"65",12,7,15.44826853202584,57.8787550830224,"65",12,8,15.44826853202584,57.8787550830224,"65",12,9,15.44826853202584,57.8787550830224,"65",12,10]}