{"version":"1.0.1","stride":5,"width":16,"height":16,"matrix":[-62.857142857142854,-67.42857142857143,"0",6,5,-62.857142857142854,-67.42857142857143,"0",6,6,31.428571428571427,76.57142857142857,"0",6,7,31.428571428571427,76.57142857142857,"0",6,8,31.428571428571427,76.57142857142857,"0",6,9,-0.5714285714285714,44,"0",6,10,-0.5714285714285714,44,"0",7,5,-0.5714285714285714,44,"0",7,6,-0.5714285714285714,44,"0",7,7,-0.5714285714285714,44,"0",7,8,-0.5714285714285714,44,"0",7,9,-17.142857142857142,58.285714285714285,"0",7,10,-0.5714285714285714,44,"0",7,11,-17.142857142857142,58.285714285714285,"0",8,10,-0.5714285714285714,44,"0",8,11,-62.857142857142854,-67.42857142857143,"0",9,5,-0.5714285714285714,44,"0",9,6,31.428571428571427,76.57142857142857,"0",9,9,-0.5714285714285714,44,"0",9,10,-0.5714285714285714,44,"0",9,11,-0.5714285714285714,44,"0",10,5,-62.857142857142854,-67.42857142857143,"0",10,6,-0.5714285714285714,44,"0",10,7,-0.5714285714285714,44,"0",10,9,-0.5714285714285714,44,"0",10,10,-0.5714285714285714,44,"0",11,6,-0.5714285714285714,44,"0",11,7]}