{"version":"1.0.1","stride":5,"width":16,"height":16,"matrix":[-17.142857142857142,58.285714285714285,"0",6,10,-0.5714285714285714,44,"0",6,11,31.428571428571427,76.57142857142857,"0",7,7,-0.5714285714285714,44,"0",7,8,-17.142857142857142,58.285714285714285,"0",7,10,-0.5714285714285714,44,"0",7,11,31.428571428571427,76.57142857142857,"0",8,7,-0.5714285714285714,44,"0",8,8,-17.142857142857142,58.285714285714285,"0",8,10,-0.5714285714285714,44,"0",8,11,-0.5714285714285714,44,"0",9,7,-0.5714285714285714,44,"0",9,8,-17.142857142857142,58.285714285714285,"0",9,10,-0.5714285714285714,44,"0",9,11,-0.5714285714285714,44,"0",10,10,-0.5714285714285714,44,"0",10,11]}